zipCode,rmatNumber,totalNumberOfCompanies,totalEmployees,totalSales
90001,13,128,1794,183020347.7
90002,13,30,220,44894565.76
90003,13,78,652,42902974.57
90004,9,73,211,20108601.13
90005,13,31,148,13051721.74
90006,13,82,352,39959276.33
90007,9,118,1119,126743200.6
90008,9,40,145,22504954.98
90009,9,1,0,0
90010,13,92,351,73625920.58
90011,13,143,1033,126287682.1
90012,13,84,2525,42800279.94
90013,13,156,996,169553672.4
90014,13,280,1524,186336048.7
90015,13,384,3621,470456074.5
90016,9,134,1120,148818697.3
90017,9,155,2011,160605145.3
90018,9,50,282,27855861.64
90019,9,102,392,45683090.36
90020,9,44,136,15187505.76
90021,9,369,16952,3329546267
90022,13,102,1241,122064917.8
90023,13,247,3319,295262944.6
90024,13,146,3820,2173047751
90025,13,189,5422,867633791
90026,13,84,522,29408902.98
90027,13,94,327,32249236.97
90028,13,117,726,99566548.69
90029,13,47,508,52581472.79
90030,13,0,0,0
90031,13,87,1013,151672797
90032,13,70,9992,3695483507
90033,13,48,1490,153530950
90034,13,144,864,116668113.8
90035,13,80,549,26903939.83
90036,13,149,1206,144669700.9
90037,13,56,669,40978592.68
90038,13,69,398,61828756.81
90039,13,131,1342,121807593.5
90040,13,368,19388,3459110047
90041,13,58,136,15551111
90042,13,54,215,15430070.85
90043,13,68,172,16789108.01
90044,13,43,211,23215893.01
90045,13,202,19575,5611164283
90046,13,158,1028,82449243.36
90047,13,79,488,42962980.15
90048,13,116,534,53514959.63
90049,13,113,590,65277142.03
90050,9,0,0,0
90051,9,0,0,0
90052,13,0,0,0
90053,13,1,2,9511.9998
90054,13,0,0,0
90055,13,0,0,0
90056,9,23,160,8868572.979
90057,9,45,451,42502199.02
90058,9,515,23667,4671774043
90059,13,42,169,21307953.98
90060,13,0,0,0
90061,9,108,3002,392511285.7
90062,9,18,37,2878455.986
90063,13,77,1303,92527685.14
90064,13,172,3151,1494916894
90065,13,136,1713,222218014.9
90066,13,158,1542,204720010
90067,13,74,17329,5572376949
90068,9,84,325,34555720.79
90069,8,152,858,99204582.56
90070,9,0,0,0
90071,9,101,93305,4511377834
90072,9,0,0,0
90073,9,0,0,0
90074,13,0,0,0
90075,9,0,0,0
90076,9,0,0,0
90077,9,27,140,12811124.24
90078,9,0,0,0
90079,9,19,40,2942569.971
90080,9,0,0,0
90081,13,0,0,0
90082,13,0,0,0
90083,9,0,0,0
90084,13,0,0,0
90085,13,0,0,0
90086,13,2,4,239110
90087,13,0,0,0
90088,13,0,0,0
90089,9,12,47,3098419.998
90090,9,0,0,0
90091,13,0,0,0
90093,9,0,0,0
90094,14,22,255,349751494
90095,9,11,90,7267442.788
90096,13,0,0,0
90097,0,0,0,0
90098,0,0,0,0
90099,13,0,0,0
90101,9,0,0,0
90102,0,0,0,0
90103,9,0,0,0
90189,13,0,0,0
90201,13,137,1983,323354663.6
90202,13,0,0,0
90209,9,2,7,290902.991
90210,13,136,10004,141108222.3
90211,13,102,1108,123891284.9
90212,13,124,585,67281696
90213,9,0,0,0
90220,13,180,10471,3014326141
90221,13,138,3338,548487838
90222,13,69,1230,149138367.4
90223,13,1,3,278198
90224,13,0,0,0
90230,13,122,1719,185708570.7
90231,9,1,2,105905
90232,13,113,4451,448850747.1
90233,9,0,0,0
90239,13,0,0,0
90240,13,42,124,13778295.96
90241,13,134,2820,244231549.2
90242,13,59,1295,293621747.1
90245,14,345,66465,11275396694
90247,14,139,1089,114501586.6
90248,14,431,25770,2283508794
90249,14,244,3968,638090280.3
90250,14,202,20231,4156549974
90251,14,0,0,0
90254,14,88,9047,740042768.2
90255,13,111,1403,174271882.5
90260,14,57,248,33472286.25
90261,14,0,0,0
90262,13,96,1033,87289813.14
90263,9,1,4,189950
90264,9,1,20,4935023.8
90265,9,97,724,33682908.77
90266,14,161,26666,8424623944
90267,14,0,0,0
90270,13,27,207,18917451.46
90272,14,62,800,269380586.3
90274,14,100,576,61704266.93
90275,14,108,356,39210584.9
90277,14,123,677,62323678.68
90278,14,105,672,135624334.8
90280,13,166,4716,644354875.7
90290,8,32,88,8349580.044
90291,14,118,591,93044580.48
90292,14,153,1632,302008689.3
90293,14,31,216,21348681.98
90294,14,0,0,0
90295,14,1,1,53931.002
90296,14,0,0,0
90301,14,77,922,112134279.2
90302,14,47,1458,239176697
90303,14,18,41,3469914.036
90304,14,25,144,18151562.95
90305,14,14,31,3152668.968
90306,14,0,0,0
90307,14,0,0,0
90308,14,1,5,112571
90309,14,0,0,0
90310,14,0,0,0
90311,14,0,0,0
90312,14,0,0,0
90313,0,0,0,0
90397,0,0,0,0
90398,0,0,0,0
90401,13,91,7781,4381829476
90402,13,34,91,9937013.064
90403,13,83,811,145590564.2
90404,13,134,2394,1089608326
90405,13,127,1679,851191221.9
90406,9,0,0,0
90407,9,0,0,0
90408,9,0,0,0
90409,9,1,4,243940.99
90410,9,0,0,0
90411,9,0,0,0
90501,14,355,35421,14416426099
90502,14,132,4581,559033169.2
90503,14,238,12193,1493289405
90504,14,79,1248,188995844.9
90505,14,241,8873,1578741688
90506,14,0,0,0
90507,14,0,0,0
90508,14,1,1,104094
90509,14,0,0,0
90510,14,0,0,0
90601,12,84,1792,151143398.6
90602,12,54,470,54040497.61
90603,12,39,105,8899091.061
90604,12,30,61,6411391.022
90605,12,80,677,96085237.41
90606,12,46,743,80487492.74
90607,12,1,1,8016.9998
90608,12,0,0,0
90609,12,0,0,0
90610,12,0,0,0
90612,0,0,0,0
90620,15,137,13258,3280133188
90621,15,142,1515,224953961.8
90622,15,0,0,0
90623,15,57,12717,511191726.3
90624,15,0,0,0
90630,16,194,11107,3674259767
90631,15,179,2067,339496736.5
90632,15,0,0,0
90633,15,1,3,110974
90637,12,0,0,0
90638,12,150,1838,266786309.9
90639,12,0,0,0
90640,13,184,4955,536772533.8
90650,12,146,1540,152824669.9
90651,12,0,0,0
90652,12,0,0,0
90659,0,0,0,0
90660,13,131,2872,981923160.5
90661,13,0,0,0
90662,13,0,0,0
90670,12,868,23737,4353085382
90671,12,0,0,0
90680,16,103,1306,289186826.9
90701,12,51,243,24763196.75
90702,12,0,0,0
90703,12,281,7404,1862944598
90704,14,5,16,1130411.007
90706,13,113,525,52734534.35
90707,13,0,0,0
90710,14,74,1005,111532420.2
90711,12,0,0,0
90712,12,68,419,49526653.27
90713,12,26,59,5495207.061
90714,12,2,4,779741.01
90715,12,18,47,4910583.079
90716,12,24,95,13673266.04
90717,14,39,115,13225482.04
90720,16,149,6755,2570321328
90721,16,0,0,0
90723,13,286,4542,876780218.9
90731,12,131,639,80641024.67
90732,12,34,209,17207479.07
90733,12,1,4,454039.99
90734,12,0,0,0
90740,16,77,1132,288567571.3
90742,16,1,2,109972
90743,16,0,0,0
90744,12,78,897,137917695.6
90745,12,131,3201,433284852.5
90746,12,155,4810,645345930.5
90747,12,1,0,0
90748,12,2,7,928056.989
90749,12,1,0,0
90755,12,180,1825,295427391.7
90801,12,0,0,0
90802,12,121,1229,366998514.8
90803,12,101,343,35055722.83
90804,12,66,384,62520824.25
90805,12,133,3297,1268172279
90806,12,98,3850,1147617279
90807,12,95,357,72550658.03
90808,12,106,5010,712257804.6
90809,12,1,0,0
90810,12,103,4157,916280887.3
90813,12,148,1866,259949309.8
90814,12,34,107,9044261.037
90815,12,96,2873,326749658.3
90822,12,0,0,0
90831,12,4,17,6374962.1
90832,12,0,0,0
90833,12,0,0,0
90834,12,0,0,0
90835,12,0,0,0
90840,12,0,0,0
90844,12,0,0,0
90845,0,0,0,0
90846,12,1,0,0
90847,12,0,0,0
90848,12,0,0,0
90853,12,0,0,0
90888,0,0,0,0
90895,12,0,0,0
90899,12,0,0,0
91001,10,96,285,27753445.93
91003,10,0,0,0
91006,10,137,1295,146194051.4
91007,10,67,278,32062655.75
91008,10,5,10,1618869.98
91009,10,0,0,0
91010,10,88,949,168926896.1
91011,10,80,253,29115789.92
91012,10,2,6,353459.01
91016,10,216,4521,574008863.1
91017,10,1,2,44038.001
91020,10,42,248,27175803.93
91021,10,0,0,0
91023,10,0,0,0
91024,10,33,101,10249359.04
91025,10,0,0,0
91030,10,65,1710,32213104.64
91031,10,1,4,92724.003
91040,8,41,107,14635450.96
91041,8,0,0,0
91042,8,56,226,20942655.02
91043,8,0,0,0
91046,8,0,0,0
91066,10,1,2,168711.01
91101,10,134,5198,185544411.6
91102,10,0,0,0
91103,10,91,928,156601515.6
91104,10,78,246,25813610.07
91105,10,103,1511,96966989.04
91106,10,76,676,77207685.26
91107,10,223,32470,5636799817
91108,10,35,5096,363124130.9
91109,10,2,0,0
91110,10,0,0,0
91114,10,0,0,0
91115,10,0,0,0
91116,10,1,1,138685
91117,10,0,0,0
91118,10,0,0,0
91121,10,0,0,0
91123,10,0,0,0
91124,10,14,7863,66641587.18
91125,10,5,19,5442562.1
91126,10,0,0,0
91129,10,0,0,0
91131,0,0,0,0
91182,10,0,0,0
91184,10,0,0,0
91185,10,1,0,0
91188,10,0,0,0
91189,10,0,0,0
91191,0,0,0,0
91199,10,1,0,0
91201,9,120,2685,792947066.9
91202,9,73,464,49964003.22
91203,9,104,10560,1932474283
91204,9,121,1100,280576387.7
91205,9,69,197,19889827
91206,9,69,289,36418372.14
91207,9,27,68,4945450.974
91208,9,66,203,14696223.02
91209,9,0,0,0
91210,9,6,4,298169.011
91214,10,90,248,26938795.96
91221,9,0,0,0
91222,9,0,0,0
91224,10,1,2,13613
91225,9,2,2,275964.0103
91226,9,1,1,79590.999
91301,5,162,51294,4166863688
91302,8,144,3426,236410070.3
91303,8,98,359,46523758.96
91304,5,221,5122,1156520749
91305,5,0,0,0
91306,5,53,156,12494730.98
91307,5,60,199,25366301.01
91308,5,0,0,0
91309,5,1,2,428785
91310,8,1,2,73278.002
91311,8,677,17909,4519090201
91312,0,0,0,0
91313,8,0,0,0
91314,0,0,0,0
91315,0,0,0,0
91316,8,75,362,39807474.16
91317,0,0,0,0
91318,0,0,0,0
91319,5,0,0,0
91320,5,288,46272,29158693752
91321,8,51,777,99175089.67
91322,8,0,0,0
91323,0,0,0,0
91324,8,188,1776,257529193
91325,8,78,3754,482696217.8
91326,8,78,374,19184924.98
91327,8,1,3,111068
91328,8,0,0,0
91329,8,2,775,171307515.9
91330,8,0,0,0
91331,8,197,2380,335050822.2
91332,0,0,0,0
91333,8,0,0,0
91334,8,0,0,0
91335,8,114,295,39934056.33
91336,0,0,0,0
91337,8,0,0,0
91338,0,0,0,0
91339,0,0,0,0
91340,8,168,2520,379025500.6
91341,8,0,0,0
91342,8,190,20364,6454263579
91343,8,85,1355,65477210.93
91344,8,96,353,37404584.66
91345,8,40,1517,50064165.01
91346,8,0,0,0
91347,0,0,0,0
91348,0,0,0,0
91349,0,0,0,0
91350,8,118,799,143586565
91351,8,83,475,61733930.04
91352,8,352,13652,2944147812
91353,8,1,1,57626.002
91354,8,51,165,21414676.77
91355,8,505,18067,3055573428
91356,5,112,449,62007126.24
91357,5,0,0,0
91358,5,2,35,564490.998
91359,5,2,7,1350404.997
91360,5,117,15947,5715558263
91361,5,138,3088,1124763392
91362,5,207,153899,537106074.1
91363,0,0,0,0
91364,8,161,516,47766244.15
91365,8,1,3,209901.01
91366,0,0,0,0
91367,8,192,15810,3373660284
91368,0,0,0,0
91369,0,0,0,0
91370,0,0,0,0
91371,5,0,0,0
91372,8,1,2,3000000
91373,0,0,0,0
91374,0,0,0,0
91375,0,0,0,0
91376,5,0,0,0
91377,5,27,80,5991589.004
91380,8,3,3,203211.999
91381,8,41,100,9644083.959
91382,8,0,0,0
91383,8,0,0,0
91384,8,60,211,23219825.02
91385,8,0,0,0
91386,8,1,2,28424
91387,8,57,201,21079885.86
91388,0,0,0,0
91390,8,56,198,22666053.07
91392,8,0,0,0
91393,8,0,0,0
91394,8,0,0,0
91395,8,0,0,0
91396,5,0,0,0
91399,0,0,0,0
91401,8,82,230,21901775.11
91402,8,79,1157,176806783.6
91403,8,136,2540,971526248.2
91404,8,0,0,0
91405,8,110,1359,208401423.9
91406,8,289,10575,1125336206
91407,8,0,0,0
91408,8,0,0,0
91409,8,1,3,197957.99
91410,8,0,0,0
91411,8,109,1445,92593945.01
91412,8,0,0,0
91413,8,2,5,568190
91416,8,1,6,823899.98
91423,8,109,381,40584748.93
91426,8,1,1,160160.01
91436,8,120,2933,883769069.1
91470,8,0,0,0
91482,8,0,0,0
91495,8,0,0,0
91496,8,0,0,0
91497,0,0,0,0
91499,8,0,0,0
91501,9,30,114,12371227.24
91502,9,154,1999,322981224.2
91503,9,0,0,0
91504,9,140,2932,405584181.9
91505,9,163,1812,247947327.1
91506,9,85,611,56985299.18
91507,9,0,0,0
91508,9,0,0,0
91510,9,0,0,0
91521,9,5,56,2319372.99
91522,9,2,7,537424.007
91523,9,0,0,0
91526,9,0,0,0
91601,8,117,932,92198881.93
91602,8,38,171,15967264.13
91603,8,0,0,0
91604,8,100,321,33595154.93
91605,8,333,5199,753772875.4
91606,8,63,133,12644984.97
91607,8,54,260,24402515.06
91608,8,6,16921,454281422
91609,8,0,0,0
91610,8,0,0,0
91611,8,0,0,0
91612,8,0,0,0
91614,8,1,2,62380.999
91615,8,0,0,0
91616,8,0,0,0
91617,8,0,0,0
91618,8,0,0,0
91701,11,68,179,18742242.06
91702,10,222,5191,991457396.5
91706,10,328,10466,2218964892
91708,11,35,1386,546147295.8
91709,11,155,1548,1019523537
91710,11,579,15522,2498198053
91711,10,90,871,91707350.51
91714,10,2,0,0
91715,10,2,12,452715.99
91716,10,1,3,12321
91722,10,71,922,110052465.5
91723,10,72,438,110901119.3
91724,10,80,935,152260008.2
91729,11,2,11,1067101.012
91730,11,534,10207,1881587797
91731,10,115,1684,343072782.8
91732,10,68,309,27010489.92
91733,10,404,4818,619332611.3
91734,10,0,0,0
91735,10,0,0,0
91737,11,50,114,12132003.96
91739,11,78,434,58485005.12
91740,10,60,382,65738136.88
91741,10,96,1771,1798067438
91743,11,0,0,0
91744,10,107,1821,198248171.4
91745,10,176,3680,1236520844
91746,10,213,8619,1286231551
91747,10,0,0,0
91748,10,240,15760,2429094723
91749,10,0,0,0
91750,10,138,1271,205208499.6
91752,11,151,3092,568580264.1
91754,13,114,2812,579179569.6
91755,13,24,187,15895241.87
91756,13,0,0,0
91758,11,0,0,0
91759,11,0,0,0
91761,11,828,23269,2437753970
91762,11,165,1644,363197263.6
91763,11,134,1248,166971023.9
91764,11,85,4347,958705513.1
91765,10,149,2244,376964627.1
91766,10,187,3673,430655714.3
91767,10,115,885,162997299.4
91768,10,145,2048,380158788.2
91769,10,2,0,0
91770,10,93,1917,137968839.7
91771,10,0,0,0
91772,10,0,0,0
91773,10,175,3342,480113424.9
91775,10,31,78,8694868.122
91776,10,95,510,52096959.06
91778,10,0,0,0
91780,10,65,273,31096279.99
91784,11,54,120,16256458.05
91785,11,1,5,91571.003
91786,11,270,1829,265122750.5
91788,10,2,2,130661.998
91789,10,315,7579,1818968458
91790,10,61,251,21464392.04
91791,10,43,170,12038405.94
91792,10,24,58,3958212.025
91793,10,1,1,740692.97
91795,10,0,0,0
91797,0,0,0,0
91798,0,0,0,0
91799,0,0,0,0
91801,10,84,300,32397409.07
91802,10,1,2,144373
91803,10,103,1056,80818739.88
91804,10,0,0,0
91896,10,0,0,0
91899,10,0,0,0
91901,21,51,145,25668962.22
91902,19,36,492,29144448.12
91903,21,3,7,1474925.096
91905,21,2,4,118238.002
91906,21,4,8,1344693.01
91908,19,0,0,0
91909,19,1,2,171326
91910,19,111,6310,1226487620
91911,19,219,2790,358390889
91912,19,0,0,0
91913,19,32,128,11176168.06
91914,19,60,497,85507158.38
91915,19,34,74,7854636.992
91916,21,10,21,4206203.987
91917,21,4,6,586978.999
91921,19,1,2,309331
91931,21,1,10,2714435.1
91932,19,30,85,7064959.91
91933,19,0,0,0
91934,21,0,0,0
91935,21,34,102,12761666.27
91941,19,61,192,16814919.11
91942,19,124,462,47345743.97
91943,19,0,0,0
91944,19,0,0,0
91945,19,47,507,49759046.18
91946,19,0,0,0
91947,19,0,0,0
91948,21,0,0,0
91950,19,200,1543,197262682.8
91951,19,0,0,0
91962,21,7,14,2907232.996
91963,21,2,3,175674.997
91976,19,1,3,185627
91977,19,91,511,73269583.65
91978,19,48,317,64354963.79
91979,19,0,0,0
91980,21,8,788,17335927.2
91987,21,0,0,0
91990,0,0,0,0
92003,18,20,65,5348427.984
92004,21,3,8,1004271
92007,18,52,472,84738776.97
92008,18,389,78603,8422691702
92009,18,176,11621,4412560147
92010,18,174,6326,2932768743
92011,18,213,2094,348147493.1
92013,18,0,0,0
92014,18,99,509,110298509
92018,18,1,2,90260.997
92019,21,81,194,16675678.2
92020,21,353,5217,816744980
92021,21,144,803,106864852.5
92022,21,1,2,101654
92023,18,3,12,888181.99
92024,18,285,1795,311370091.6
92025,18,147,1107,109830987.2
92026,18,99,616,51882514.96
92027,18,80,219,28587043.88
92028,18,196,803,94982858.07
92029,18,277,3086,712962888.4
92030,18,1,3,184428.01
92033,18,0,0,0
92036,21,8,19,1773604.02
92037,19,331,5518,1427174849
92038,19,0,0,0
92039,19,1,2,133282.01
92040,21,114,601,85243392.2
92046,18,1,2,154456
92049,18,1,1,137100
92051,18,1,0,0
92052,18,0,0,0
92053,0,0,0,0
92054,18,135,611,73581565.46
92055,18,0,0,0
92056,18,280,10199,1788556432
92057,18,69,158,15582502.86
92058,18,96,943,169020962.1
92059,18,2,11,1033151
92060,18,4,10,478916.998
92061,18,8,32,3588896.923
92064,21,329,14741,3003021918
92065,18,159,583,67438700.98
92066,21,1,2,108762
92067,18,24,57,5151210.025
92068,18,0,0,0
92069,18,198,1728,256255711.3
92070,18,7,46,4001125.091
92071,19,231,2545,292717050.3
92072,19,1,3,132561
92074,21,0,0,0
92075,18,85,1221,250338944.5
92078,18,251,6968,818059682.3
92079,18,1,2,124810
92081,18,407,19624,1633216531
92082,18,77,426,61124554.99
92083,18,78,328,36333183.86
92084,18,137,6717,277898687.1
92085,18,3,8,217106.998
92086,21,10,28,2737148.993
92088,18,2,4,148112.997
92090,0,0,0,0
92091,18,9,24,1565467.005
92092,19,0,0,0
92093,19,7,12,338806.991
92096,18,1,5,247195.01
92101,19,325,14236,3522710912
92102,19,59,794,105923385.2
92103,19,121,462,46611763.24
92104,19,81,360,40777093.41
92105,19,70,256,26670358.05
92106,19,127,921,87115605.08
92107,19,90,284,26574325.04
92108,19,179,4777,609483550.5
92109,19,180,1227,136391092.3
92110,19,204,3002,217961628.4
92111,19,292,2966,538589465.6
92112,19,0,0,0
92113,19,114,14650,550813097.4
92114,19,60,318,37330374.85
92115,19,80,236,20403971.06
92116,19,67,224,21551050.94
92117,19,164,566,66645247.17
92118,19,61,465,56979327.76
92119,19,43,113,8800874.993
92120,19,122,664,65258591.24
92121,21,1242,167757,60775995937
92122,19,168,10305,4676600730
92123,19,308,30256,7437790513
92124,19,53,229,54736087.96
92125,0,0,0,0
92126,21,382,2480,483223080.9
92127,18,257,47084,6763640628
92128,21,165,15993,294736939.1
92129,21,131,326,32545291.09
92130,21,320,31034,7209826610
92131,21,227,10600,2314252530
92132,19,3,108,5157677.1
92133,0,0,0,0
92134,19,0,0,0
92135,19,3,0,0
92136,19,2,0,0
92137,21,0,0,0
92138,19,1,2,39999.999
92139,19,25,51,3566736.953
92140,19,1,1,271665.01
92141,0,0,0,0
92142,19,1,2,57994.001
92143,19,1,1,829928.99
92144,0,0,0,0
92145,21,1,0,0
92146,0,0,0,0
92147,19,0,0,0
92148,0,0,0,0
92149,19,0,0,0
92150,21,2,3,166730.002
92151,0,0,0,0
92152,19,0,0,0
92153,19,1,7,101638
92154,19,410,16716,1503168678
92155,19,0,0,0
92156,0,0,0,0
92157,0,0,0,0
92158,19,0,0,0
92159,19,1,2,55787.999
92160,19,0,0,0
92161,19,2,16,594697.01
92162,19,0,0,0
92163,19,0,0,0
92164,19,0,0,0
92165,19,0,0,0
92166,19,0,0,0
92167,19,0,0,0
92168,19,0,0,0
92169,19,0,0,0
92170,19,0,0,0
92171,19,0,0,0
92172,21,0,0,0
92173,19,46,154,19445190.15
92174,19,1,2,101393
92175,19,1,1,322721
92176,19,0,0,0
92177,19,2,3,620788.99
92178,19,0,0,0
92179,19,0,0,0
92180,0,0,0,0
92181,0,0,0,0
92182,19,1,1,45251.999
92183,0,0,0,0
92184,19,0,0,0
92185,0,0,0,0
92186,19,0,0,0
92187,19,0,0,0
92188,0,0,0,0
92189,0,0,0,0
92190,19,0,0,0
92191,21,0,0,0
92192,19,0,0,0
92193,19,0,0,0
92194,0,0,0,0
92195,19,0,0,0
92196,21,1,1,77018.999
92197,19,0,0,0
92198,21,0,0,0
92199,21,0,0,0
92201,20,103,533,72305193.55
92202,20,0,0,0
92203,20,59,206,23287134.88
92210,20,9,18,1812028.022
92211,20,116,663,75664352.09
92220,20,52,271,47249432.88
92222,21,0,0,0
92223,20,83,673,164475649.9
92225,11,20,72,8292752.921
92226,20,0,0,0
92227,21,38,649,78448413.68
92230,20,8,90,1427974.995
92231,21,65,1470,100044537.8
92232,21,0,0,0
92233,21,7,23,1164322.99
92234,20,64,220,23211444.03
92235,20,0,0,0
92236,20,33,853,164126053.7
92239,20,0,0,0
92240,20,28,444,16931596.15
92241,20,7,66,2598165.01
92242,11,1,2,229513
92243,21,100,700,121718123.9
92244,21,0,0,0
92247,20,0,0,0
92248,20,1,1,42548.999
92249,21,5,89,10547140.05
92250,21,7,32,6852155.01
92251,21,33,135,23951279.8
92252,20,6,11,1310494.982
92253,20,60,301,27829210.74
92254,20,4,111,8984328.8
92255,20,0,0,0
92256,20,9,20,2423910.981
92257,21,0,0,0
92258,20,6,34,7175844.11
92259,21,2,2,773824.99
92260,20,79,268,23135967.74
92261,20,0,0,0
92262,20,73,725,36342862.09
92263,20,0,0,0
92264,20,47,554,33706090.77
92266,21,0,0,0
92267,20,0,0,0
92268,20,0,0,0
92270,20,41,190,14813912.05
92273,21,0,0,0
92274,20,12,111,22338387.02
92275,21,0,0,0
92276,20,43,244,32186245.42
92277,20,16,43,3179649.973
92278,20,0,0,0
92280,20,0,0,0
92281,21,2,8,386735.003
92282,20,3,34,9507775.798
92283,21,0,0,0
92284,20,45,136,18500248.94
92285,20,2,3,437633.01
92286,20,0,0,0
92292,0,0,0,0
92301,11,66,1030,93421375.44
92304,20,1,2,90503
92305,11,0,0,0
92307,11,74,338,39538259.78
92308,11,81,331,38777118.69
92309,11,0,0,0
92310,11,9,14,2282075.927
92311,11,33,193,11387574.99
92312,11,0,0,0
92313,20,29,478,73001999.55
92314,11,12,41,2967576.998
92315,11,8,44,5255951.088
92316,20,77,1091,117976141.3
92317,11,3,23,4639184
92318,20,1,2,260102
92320,20,25,109,26415755.53
92321,11,0,0,0
92322,11,1,3,62540.002
92323,11,0,0,0
92324,20,151,1947,222415613.2
92325,11,14,96,4331185.009
92326,11,0,0,0
92327,11,0,0,0
92328,7,1,0,0
92329,11,1,2,395991
92331,11,0,0,0
92332,11,0,0,0
92333,11,1,6,80174.997
92334,11,0,0,0
92335,11,181,2657,704190766.9
92336,11,123,814,191841212
92337,11,180,3372,598976292
92338,11,0,0,0
92339,20,1,6,722998.02
92340,11,1,1,83504.997
92341,11,1,0,0
92342,11,9,17,2390789.99
92344,11,55,114,16930662.94
92345,11,173,1173,156132874.1
92346,20,62,338,69629527.13
92347,11,1,2,416888
92350,20,0,0,0
92352,11,8,15,3100769.998
92354,20,26,146,18219110.97
92356,11,14,20,2827817.013
92357,20,0,0,0
92358,11,1,20,1811969
92359,20,18,170,24735074.12
92363,11,3,16,1822936.969
92364,11,0,0,0
92365,11,4,12,643428.016
92366,11,0,0,0
92368,11,3,7,408520.01
92369,20,0,0,0
92371,11,19,50,5836092.051
92372,11,6,16,1138624.987
92373,20,120,747,532499359.9
92374,20,93,534,60915024.68
92375,20,1,3,222936
92376,20,111,877,161414260.1
92377,20,44,1506,205202007.9
92378,11,2,7,317079
92382,11,3,13,1150942.998
92384,7,0,0,0
92385,11,0,0,0
92386,11,0,0,0
92389,7,1,2,67942.999
92391,11,5,14,2605101.01
92392,11,85,374,27099079.76
92393,11,0,0,0
92394,11,43,654,90545544.64
92395,11,68,179,16906250.97
92397,11,9,30,2595954.98
92398,11,1,2,768011.99
92399,20,124,615,93788288.12
92401,20,19,179,20265345.79
92402,20,0,0,0
92403,20,0,0,0
92404,20,36,121,8904970.87
92405,20,24,84,10245692.89
92406,20,0,0,0
92407,20,113,1188,149577875.4
92408,20,184,2642,400394239.4
92410,20,71,787,70490550.82
92411,20,15,138,11663675.77
92412,20,0,0,0
92413,20,0,0,0
92414,20,0,0,0
92415,20,1,0,0
92418,20,0,0,0
92423,20,2,2,12658
92424,20,0,0,0
92425,0,0,0,0
92427,20,0,0,0
92501,20,85,704,100962462.8
92502,20,0,0,0
92503,20,261,2057,258219599.9
92504,20,155,1334,170873779.1
92505,20,67,432,65993091.67
92506,20,114,388,54795598.01
92507,20,363,13664,1590694021
92508,20,72,596,77436459.74
92509,20,187,2601,403380393.4
92513,20,1,2,195362
92514,20,0,0,0
92515,20,0,0,0
92516,11,1,2,207662
92517,20,0,0,0
92518,20,15,304,67385050.02
92519,20,1,2,36242.001
92521,20,0,0,0
92522,20,1,11,1103055
92530,20,166,1176,169383798.2
92531,20,0,0,0
92532,20,47,173,20384422.91
92536,20,10,34,4721668.005
92539,20,9,27,1648857.994
92543,20,72,367,32382856.05
92544,20,54,145,13217222.03
92545,20,51,443,70438576.43
92546,20,0,0,0
92548,20,6,17,1807658.96
92549,20,10,125,11572014.91
92551,20,35,201,26633987.01
92552,20,0,0,0
92553,20,105,486,79448759.68
92554,20,0,0,0
92555,20,42,71,9007535.111
92556,20,0,0,0
92557,20,40,87,11850393.98
92561,20,2,4,494923.013
92562,20,312,2460,499606265.7
92563,20,162,744,91715990.37
92564,20,2,3,610454
92567,20,17,30,4500496.024
92570,20,115,2066,226883623.6
92571,20,71,1584,324386285.2
92572,20,1,1,10284
92581,20,0,0,0
92582,20,38,214,27909097.16
92583,20,48,335,30187823.57
92584,20,64,269,23488626.2
92585,20,46,196,34159007.78
92586,20,19,93,8067901.875
92587,20,37,122,13680683.84
92589,20,4,7,311807.007
92590,20,332,4058,916867784
92591,20,142,1392,174743699.7
92592,20,203,894,118139686.9
92593,20,0,0,0
92595,20,85,331,31457733.03
92596,20,38,99,12295213.01
92599,20,0,0,0
92602,17,75,998,172451296.4
92603,17,49,135,14277773.08
92604,17,79,319,36400827.91
92605,16,0,0,0
92606,17,235,26385,5805882469
92607,17,5,22,1677434.029
92609,17,1,1,97383.998
92610,17,92,6437,1009391142
92612,17,223,36587,2206627443
92614,17,506,52285,10497325830
92615,16,3,58,584204.013
92616,17,2,9,1065755.01
92617,17,74,24991,4559174129
92618,17,955,50885,11782932540
92619,17,1,3,96137.002
92620,17,112,340,43986562.3
92623,17,0,0,0
92624,17,35,92,10832517.1
92625,17,45,173,11850180.07
92626,16,420,14722,4350397512
92627,16,290,6710,283856575.2
92628,16,0,0,0
92629,17,116,433,40445391.15
92630,17,335,19214,1050143147
92637,17,20,64,6058456.024
92646,16,114,513,30414869.9
92647,16,338,8290,1778069565
92648,16,167,991,166179450.2
92649,16,392,5952,933676993.6
92650,17,0,0,0
92651,17,183,1134,137769376.7
92652,17,1,3,14412
92653,17,248,1696,323033581.4
92654,17,0,0,0
92655,17,8,18,2116271.999
92656,17,190,6494,1167887928
92657,17,35,140,8738706.852
92658,17,3,8,865210.021
92659,17,0,0,0
92660,17,360,13306,2834023983
92661,17,6,11,646432.012
92662,17,11,33,2031628.009
92663,17,125,730,80479578.92
92672,17,158,945,158007690.6
92673,17,198,19396,2810062319
92674,17,2,11,8992187.91
92675,17,143,702,120753976
92676,17,11,21,2046592.003
92677,17,212,1030,120498048.7
92678,17,1,2,138433.99
92679,17,73,205,20470008.12
92680,0,0,0,0
92683,16,187,1230,110904049.4
92684,16,0,0,0
92685,16,0,0,0
92688,17,182,18239,1650313118
92690,17,1,1,65186.001
92691,17,175,2752,713220077.7
92692,17,124,373,36497617.95
92693,17,1,0,0
92694,17,56,321,48050591.88
92697,17,3,2,1911177
92698,17,2,19,948301.97
92701,16,104,760,108243651.6
92702,16,0,0,0
92703,16,67,975,628204096
92704,16,365,14790,2932199421
92705,16,662,11525,3089664757
92706,16,32,150,18242406.99
92707,16,202,20009,3314289554
92708,16,285,10944,1868807501
92709,0,0,0,0
92710,0,0,0,0
92711,16,1,2,90000.004
92712,16,0,0,0
92725,16,0,0,0
92728,16,0,0,0
92735,0,1,2,125997.01
92738,0,0,0,0
92780,15,326,4107,684617356.1
92781,15,0,0,0
92782,15,70,1068,57284591.1
92799,16,0,0,0
92801,15,280,5430,1253989403
92802,15,60,499,52689087.35
92803,15,0,0,0
92804,15,81,540,97292414.85
92805,15,235,5564,1052138152
92806,15,630,15896,2239678755
92807,15,389,13750,1579078009
92808,15,79,455,58628600.87
92809,15,2,4,1079599.992
92811,15,1,2,199651
92812,15,0,0,0
92814,15,0,0,0
92815,15,1,2,67048.997
92816,15,0,0,0
92817,15,0,0,0
92821,15,424,28373,7852538057
92822,15,0,0,0
92823,15,15,125,28784318
92825,15,0,0,0
92831,15,256,6177,1309249698
92832,15,87,481,60741402.88
92833,15,172,2361,568818738
92834,15,0,0,0
92835,15,88,778,116620023.1
92836,15,0,0,0
92837,15,0,0,0
92838,15,0,0,0
92840,16,53,202,22472762.96
92841,16,261,13834,2601946024
92842,16,0,0,0
92843,16,137,827,110549750.4
92844,16,33,74,8978252.978
92845,16,22,56,9406959.098
92846,16,0,0,0
92850,15,0,0,0
92856,15,0,0,0
92857,15,0,0,0
92859,15,0,0,0
92860,11,131,2020,196367501.8
92861,15,13,77,6433963.104
92862,15,0,0,0
92863,15,0,0,0
92864,15,0,0,0
92865,15,204,3179,419016703.4
92866,15,45,176,21555970.98
92867,15,313,9838,1164391617
92868,15,213,5415,1389796797
92869,15,72,184,15027885.98
92870,15,261,3307,418622238.3
92871,15,0,0,0
92877,11,1,0,0
92878,11,245,5171,829798650.4
92879,11,290,12894,8145267252
92880,11,96,606,75086082.97
92881,20,112,1082,210354072.6
92882,20,174,5570,823924367.1
92883,20,95,971,189862872.9
92885,15,1,1,63350.998
92886,15,128,702,58581029.8
92887,15,151,1834,182677167.3
92899,15,0,0,0
93001,5,154,13911,94698646.33
93002,5,1,1,101985
93003,5,356,3654,460764032.5
93004,5,61,333,26489427.2
93005,5,1,1,45775.998
93006,5,0,0,0
93007,5,0,0,0
93009,5,0,0,0
93010,5,147,663,86811621.24
93011,5,0,0,0
93012,5,349,14632,2039409679
93013,5,99,2016,230907546.4
93014,5,0,0,0
93015,5,28,100,9913866.877
93016,5,0,0,0
93020,5,0,0,0
93021,5,161,2322,357098818.3
93022,5,17,51,5526330.118
93023,5,81,254,26641055.06
93024,5,0,0,0
93030,5,231,7788,754635566.2
93031,5,1,3,207199.01
93032,5,0,0,0
93033,5,106,2273,359880749.1
93034,5,0,0,0
93035,5,41,118,10455544.07
93036,5,99,529,48412682.72
93040,5,2,9,1269416.01
93041,5,29,289,30456935.53
93042,5,3,0,0
93043,5,7,51,1688254
93044,5,0,0,0
93060,5,88,3780,751281938.2
93061,5,0,0,0
93062,5,0,0,0
93063,5,208,3419,785327138.6
93064,5,0,0,0
93065,5,297,4313,549192418.2
93066,5,14,71,7509302.997
93067,5,3,4,521360.989
93093,0,0,0,0
93094,5,0,0,0
93099,5,0,0,0
93101,5,203,1424,199962964.8
93102,5,0,0,0
93103,5,98,665,88160768.84
93104,0,0,0,0
93105,5,115,1624,136642995.1
93106,5,3,4,360026.99
93107,5,0,0,0
93108,5,46,350,145305850.4
93109,5,34,79,8827815.974
93110,5,34,131,23742626.1
93111,5,74,1494,402703983.9
93116,5,0,0,0
93117,5,305,13023,6839221556
93118,5,1,2,65186.001
93120,5,0,0,0
93121,5,2,4,108070.001
93130,5,0,0,0
93140,5,2,3,161549.001
93150,5,0,0,0
93160,5,1,15,144527
93190,5,0,0,0
93199,5,0,0,0
93201,6,0,0,0
93202,7,3,22,1524113
93203,6,21,147,12174976.14
93204,7,2,3,188677.005
93205,6,0,0,0
93206,6,6,35,3997536
93207,6,1,10,236536
93208,6,0,0,0
93210,7,16,54,7319654.997
93212,7,19,76,50215938.18
93215,7,48,1970,368186207.4
93218,6,1,1,268278
93219,6,2,174,25626351.02
93220,6,4,3046,77552848.11
93221,6,41,799,99519538.01
93222,6,3,5,306144.004
93223,6,9,79,8473568.299
93224,6,3,4,191732
93225,6,8,13,1492508.979
93226,6,1,3,270821.01
93227,6,3,9,677051.99
93230,7,99,1524,267515587.9
93232,7,0,0,0
93234,7,1,0,0
93235,6,2,5,161291
93237,6,0,0,0
93238,6,4,8,1133786.003
93239,7,2,101,9879641.7
93240,6,5,28,2069489.01
93241,6,6,22,2239528.031
93243,6,4,2,455886.99
93244,6,4,2,143210.001
93245,7,27,84,11785704.88
93246,7,3,5,476879
93247,6,24,482,22311703.96
93249,6,4,1,240330
93250,6,10,144,20278641.01
93251,6,1,2,250000
93252,6,4,3,360776.998
93254,5,0,0,0
93255,6,2,4,275227
93256,6,11,153,35715107.1
93257,6,74,390,28560685.33
93260,6,0,0,0
93261,6,0,0,0
93262,6,0,0,0
93263,6,44,581,314149730.7
93265,6,15,44,4503275.95
93266,7,3,55,11488524.03
93267,6,8,48,5905813.041
93268,6,28,78,12068704.92
93270,6,10,606,66202413
93271,6,7,18,1992802.997
93272,6,5,9,1134709.01
93274,6,132,688,125092828.9
93275,6,0,0,0
93276,6,0,0,0
93277,6,64,190,17546787.94
93278,6,0,0,0
93279,6,0,0,0
93280,6,19,745,309898175
93282,7,0,0,0
93283,6,3,7,919235.019
93285,6,2,28,465403.01
93286,6,13,140,23484552.81
93287,6,0,0,0
93290,6,1,3,898145.02
93291,6,145,2323,598719814.6
93292,6,90,553,98976644.51
93301,6,109,615,457469883.1
93302,6,0,0,0
93303,6,0,0,0
93304,6,40,110,11818036.96
93305,6,40,255,41879304.76
93306,6,52,128,18330318.8
93307,6,124,7054,1226647632
93308,6,284,4330,850956005
93309,6,102,376,43197534.23
93311,6,87,678,136595119.6
93312,6,103,271,36417628.07
93313,6,113,788,131382497.3
93314,6,84,229,43430306.13
93380,6,0,0,0
93381,0,0,0,0
93382,0,0,0,0
93383,6,0,0,0
93384,6,0,0,0
93385,6,0,0,0
93386,6,0,0,0
93387,6,0,0,0
93388,6,0,0,0
93389,6,1,1,456314
93390,6,1,1,352914.01
93401,4,311,3273,510403152.6
93402,4,34,102,10678585.97
93403,4,0,0,0
93404,0,0,0,0
93405,4,46,135,9114410.055
93406,4,1,3,180000.01
93407,4,4,13,2071754.99
93408,4,1,0,0
93409,4,0,0,0
93410,4,0,0,0
93412,4,0,0,0
93420,4,114,521,61803451.38
93421,4,1,0,0
93422,4,112,349,30145412.13
93423,4,1,2,136039
93424,4,7,17,1199532
93426,3,5,19,4854733.88
93427,5,84,883,188865745.1
93428,4,23,165,8442508.111
93429,5,1,0,0
93430,4,11,28,2321133.999
93432,4,6,15,1136563.01
93433,4,40,303,23943588.92
93434,5,4,19,5077925.893
93435,4,2,14,1221677
93436,5,134,1364,218882014.1
93437,5,14,5,2831509.9
93438,5,1,0,0
93440,5,5,20,980027.01
93441,5,25,205,22337802.02
93442,4,40,116,11907129.86
93443,4,0,0,0
93444,4,51,233,43358432.93
93445,4,15,27,1928403.005
93446,4,457,3848,515298523.4
93447,4,4,9,590704.013
93448,4,1,2,88069.998
93449,4,22,52,4353759.993
93451,4,26,64,6453136.027
93452,4,0,0,0
93453,4,15,53,5205720.894
93454,5,98,644,83897431.85
93455,5,186,5049,646516029.3
93456,5,1,2,91039.002
93457,5,0,0,0
93458,5,40,364,42426055.37
93460,5,39,146,25005755.07
93461,5,9,27,2768840.983
93463,5,56,212,25505284.26
93464,5,0,0,0
93465,4,73,275,34130609.88
93475,4,1,1,92697.002
93483,4,0,0,0
93501,6,38,581,71957310.02
93502,6,1,0,0
93504,6,0,0,0
93505,6,12,60,5048233.02
93510,8,36,88,10502269.88
93512,7,0,0,0
93513,7,0,0,0
93514,7,51,172,15639007.19
93515,7,1,3,257088.99
93516,6,4,3,362330.014
93517,0,1,1,66091.999
93518,6,2,2,413156.992
93519,6,1,2,312204.99
93522,7,1,20,1026778
93523,6,1,0,0
93524,6,12,6,797446.98
93526,7,0,0,0
93527,6,8,43,3451870.001
93528,6,0,0,0
93529,7,4,28,9685434.799
93530,7,0,0,0
93531,6,2,5,1133381.99
93532,8,7,10,2510228.995
93534,8,113,536,74769650.24
93535,8,87,871,111888466.4
93536,8,92,215,25217214.85
93539,8,0,0,0
93542,7,1,0,0
93543,8,25,38,5375727.012
93544,8,1,3,80727.004
93545,7,0,0,0
93546,7,27,141,13352725.21
93549,7,0,0,0
93550,8,137,450,55393300.66
93551,8,108,724,70809915.02
93552,8,37,80,8858340.03
93553,8,4,6,445997
93554,6,0,0,0
93555,6,78,347,51013707.04
93556,6,2,4,365321.013
93558,11,0,0,0
93560,6,23,56,8503182.082
93561,6,84,283,36209341.13
93562,20,2,10,420681
93563,8,2,3,351544.01
93581,6,0,0,0
93584,8,0,0,0
93586,8,0,0,0
93590,8,0,0,0
93591,8,8,19,5817231.908
93592,11,0,0,0
93596,6,0,0,0
93599,8,1,0,0
93601,7,3,6,369497.002
93602,7,10,32,4290985.958
93603,6,0,0,0
93604,7,1,3,226486
93605,7,0,0,0
93606,7,1,2,182698
93607,7,0,0,0
93608,7,0,0,0
93609,7,10,196,24745939.71
93610,7,29,119,16953396.94
93611,7,89,3398,610630762.5
93612,7,113,1401,196923953.4
93613,7,0,0,0
93614,7,26,61,6492671.991
93615,6,2,6,186621.998
93616,7,9,126,18399297.47
93618,6,28,205,20314776.07
93619,7,50,118,11833820.11
93620,7,10,38,5742211.112
93621,7,0,0,0
93622,7,11,39,8131148.88
93623,7,0,0,0
93624,7,2,50,9182317.7
93625,7,24,435,48820320.32
93626,7,5,10,4029422.894
93627,7,1,17,24584993
93628,7,0,0,0
93630,7,38,325,28754498.82
93631,7,51,485,45799545.05
93633,6,0,0,0
93634,7,0,0,0
93635,7,44,992,267022246.1
93636,7,48,286,43076034.85
93637,7,104,1034,232307682.3
93638,7,49,272,49327703.23
93639,7,1,1,244183
93640,7,7,28,4722573.971
93641,7,1,2,86999.997
93642,7,0,0,0
93643,7,7,25,1773506.959
93644,7,19,86,11935660.84
93645,7,1,2,1648122
93646,7,6,43,3999395.007
93647,6,4,10,1185236.999
93648,7,10,274,120177025.3
93649,7,0,0,0
93650,7,7,43,6006231.11
93651,7,9,14,2066921.987
93652,7,0,0,0
93653,7,3,4,159468.001
93654,7,43,2642,199635379.9
93656,7,4,14,727581
93657,7,72,1024,121572575.9
93660,7,2,17,6342622
93661,7,0,0,0
93662,7,40,1615,213292366
93664,7,1,2,33585.001
93665,7,2,30,5520538.9
93666,6,0,0,0
93667,7,7,17,1533961.995
93668,7,2,17,731085.98
93669,7,0,0,0
93670,6,0,0,0
93673,6,2,100,23174314
93675,7,7,12,1889864.989
93701,7,15,246,37334408.96
93702,7,27,1018,944224124.2
93703,7,56,519,69935266.13
93704,7,57,166,15650762.96
93705,7,29,74,9485004.143
93706,7,133,1625,442734062.4
93707,7,0,0,0
93708,7,0,0,0
93709,7,0,0,0
93710,7,62,301,28480102.88
93711,7,107,968,105566535.2
93712,7,0,0,0
93713,0,0,0,0
93714,7,0,0,0
93715,7,0,0,0
93716,7,0,0,0
93717,7,0,0,0
93718,7,0,0,0
93719,0,0,0,0
93720,7,89,997,38631743.9
93721,7,95,1086,200484119.4
93722,7,178,2593,502673917.6
93723,7,16,37,3685915.017
93724,7,0,0,0
93725,7,164,3213,538902981.1
93726,7,39,89,12113398.95
93727,7,214,2231,329509588.3
93728,7,24,97,9990742.126
93729,7,0,0,0
93730,7,14,31,1628256.01
93737,7,4,9,765792.98
93740,7,3,7,322301.989
93741,7,0,0,0
93742,0,0,0,0
93743,0,0,0,0
93744,7,0,0,0
93745,7,0,0,0
93747,7,0,0,0
93750,7,0,0,0
93755,7,0,0,0
93760,7,0,0,0
93761,7,0,0,0
93764,7,0,0,0
93765,7,0,0,0
93771,7,0,0,0
93772,7,0,0,0
93773,7,0,0,0
93774,7,0,0,0
93775,7,0,0,0
93776,7,0,0,0
93777,7,0,0,0
93778,7,0,0,0
93779,7,1,8,174585
93780,0,0,0,0
93784,0,0,0,0
93786,7,0,0,0
93790,7,0,0,0
93791,7,0,0,0
93792,7,0,0,0
93793,7,0,0,0
93794,7,0,0,0
93844,7,0,0,0
93888,7,0,0,0
93901,3,153,1720,351514190.6
93902,3,1,2,59620
93905,3,22,667,24144215.05
93906,3,35,78,10532283.1
93907,3,60,292,35601342.51
93908,3,63,4335,433846832.4
93912,3,2,4,117270
93915,3,0,0,0
93921,3,13,23,2916745.99
93922,0,1,2,249477
93923,3,53,160,18350304.15
93924,3,47,199,21209718.1
93925,3,1,4,752777.99
93926,3,19,621,158516553.5
93927,3,10,24,1725145.023
93930,3,16,223,39800832.98
93932,3,0,0,0
93933,3,34,220,42198971.35
93940,3,176,1715,686094830.1
93942,3,1,2,53962
93943,3,1,0,0
93950,3,48,133,11443659.87
93953,3,12,18,1339287.004
93954,3,2,18,2208075
93955,3,65,226,32763893.01
93960,3,27,144,17893695.02
93962,0,1,750,28261921
94002,2,124,663,69074129.02
94005,2,77,2244,589988644.6
94010,2,251,4320,1644294931
94011,2,1,2,184003.99
94014,2,58,365,66993738.05
94015,2,35,112,12730577.94
94017,2,0,0,0
94018,2,10,49,6896761.011
94019,2,57,365,38349923.51
94020,2,4,24,4324981.107
94022,3,101,1101,122688845.2
94024,3,105,380,34955064.04
94025,2,299,9616,1726349858
94026,2,1,1,101847
94027,2,19,80,8740288.18
94028,2,31,121,14088660.94
94030,2,41,114,13399275.83
94035,2,16,37,2806834.897
94037,2,5,12,1045843.999
94038,2,6,21,2556350.98
94039,0,1,1,6081
94040,3,127,1342,116073873.8
94041,3,54,474,68446064.91
94043,2,271,9293,1151620168
94044,2,56,154,15098683.08
94060,2,6,15,1652261.998
94061,2,62,345,68318489.78
94062,2,93,411,46032200.52
94063,2,256,16178,823519764.4
94064,2,3,12,769139.98
94065,2,97,36602,4596273621
94066,2,62,282,47004951.7
94070,2,301,4674,812928959.4
94074,2,3,12,2639531
94080,2,506,97128,13458240641
94085,3,196,8306,1091754740
94086,3,133,37007,12626613180
94087,3,121,334,30617259.89
94088,3,1,8,260080.01
94089,2,187,35181,9079467894
94101,2,0,0,0
94102,2,88,324,28331340.94
94103,2,292,8047,2368655923
94104,2,174,12998,3594725943
94105,2,184,7164,1040458265
94107,2,317,9844,1263502293
94108,2,108,12509,2796654317
94109,2,114,884,57373626.74
94110,2,196,1981,330559789.1
94111,2,194,161641,11303313573
94112,2,73,207,21445542.81
94114,2,88,535,75631955.97
94115,2,87,1201,111928608.9
94116,2,63,219,28520182.92
94117,2,82,308,27077247.89
94118,2,66,208,20080737.24
94119,2,1,4,74156.001
94121,2,60,169,18059366.82
94122,2,75,201,53099363.04
94123,2,67,1423,1003993481
94124,2,253,1794,296648086.6
94125,2,0,0,0
94127,2,43,154,12116445.06
94128,2,6,22,5013773.99
94129,2,28,249,240501013.2
94130,2,15,51,10487917.18
94131,2,54,144,12600330.92
94132,2,34,2585,345080714.9
94133,2,72,1117,217094748
94134,2,35,251,38173427
94137,2,0,0,0
94139,2,0,0,0
94140,2,0,0,0
94141,2,2,5,234228.999
94143,2,12,29,1688599.007
94144,2,0,0,0
94145,2,0,0,0
94146,2,1,1,4381.0001
94147,2,0,0,0
94151,2,0,0,0
94153,2,0,0,0
94154,2,0,0,0
94158,2,60,1224,294665378.9
94159,2,1,1,63552
94160,2,0,0,0
94161,2,0,0,0
94162,2,0,0,0
94163,2,0,0,0
94164,2,0,0,0
94171,2,0,0,0
94172,2,0,0,0
94177,2,0,0,0
94188,2,0,0,0
94203,2,1,9,1123108
94204,2,0,0,0
94205,2,0,0,0
94206,2,0,0,0
94207,2,0,0,0
94208,2,0,0,0
94209,2,0,0,0
94211,2,0,0,0
94229,2,0,0,0
94230,2,0,0,0
94232,2,0,0,0
94234,2,0,0,0
94235,2,0,0,0
94236,2,0,0,0
94237,2,0,0,0
94239,2,0,0,0
94240,2,0,0,0
94244,2,0,0,0
94245,2,0,0,0
94246,2,0,0,0
94247,2,0,0,0
94248,2,0,0,0
94249,2,0,0,0
94250,2,0,0,0
94252,2,0,0,0
94254,2,0,0,0
94256,2,0,0,0
94257,2,0,0,0
94258,2,0,0,0
94259,2,0,0,0
94261,2,0,0,0
94262,2,0,0,0
94263,2,0,0,0
94267,2,0,0,0
94268,2,0,0,0
94269,2,0,0,0
94271,2,0,0,0
94273,2,0,0,0
94274,2,0,0,0
94277,2,0,0,0
94278,2,0,0,0
94279,2,0,0,0
94280,2,0,0,0
94282,2,0,0,0
94283,2,0,0,0
94284,2,0,0,0
94285,2,0,0,0
94286,2,0,0,0
94287,2,0,0,0
94288,2,0,0,0
94289,2,0,0,0
94290,2,0,0,0
94291,2,0,0,0
94293,2,0,0,0
94294,2,0,0,0
94295,2,0,0,0
94296,2,0,0,0
94297,2,0,0,0
94298,2,0,0,0
94301,2,138,930,118953124
94302,0,1,2,425774.01
94303,2,185,4112,980895332.4
94304,3,110,141237,1.11915E+11
94305,2,17,328,4072438.05
94306,2,125,899,140792539.5
94401,2,88,2906,178817114
94402,2,107,2277,1219254112
94403,2,111,479,83161526.64
94404,2,154,22039,28513059037
94501,2,187,3716,579416919.7
94502,2,51,6711,3155833819
94503,2,56,497,193342385
94505,2,25,64,4374036.986
94506,2,61,271,20881921.9
94507,2,35,160,15456816.96
94508,2,51,175,22658440.91
94509,2,110,753,74403302.49
94510,2,197,2205,413555509.6
94511,2,4,10,918831.013
94512,2,1,1,215744
94513,2,107,452,53948051.65
94514,2,7,71,7665506.79
94515,2,132,692,98979548.55
94517,2,21,44,4489308.974
94518,2,76,486,47410140.3
94519,2,25,68,5969447.017
94520,2,226,4290,516085820
94521,2,59,164,13252186.88
94522,0,1,2,96373.998
94523,2,109,595,83636868.11
94525,2,8,563,34618902.96
94526,2,85,470,39904964.25
94527,2,0,0,0
94528,2,2,4,473059
94530,2,50,115,8231274.085
94531,2,51,243,15060417.14
94533,2,132,2773,358154822.1
94534,2,144,2343,601656348.7
94535,2,5,5,146284.003
94536,2,93,378,52840608.21
94538,2,656,57930,23087177650
94539,2,299,10648,4213797080
94540,0,2,2,352663
94541,2,89,412,41462269.7
94542,2,20,61,3458538.961
94544,2,185,4652,746304104.4
94545,2,449,18489,4203736764
94546,2,52,152,14632090.06
94547,2,49,8281,2838478029
94548,2,2,4,541339.011
94549,2,97,513,57696797.98
94550,2,207,2510,546938714.7
94551,2,283,8450,1761463344
94552,2,36,71,6559474.977
94553,2,126,816,111817715.4
94555,2,58,5435,3769260316
94556,2,46,134,19246906.65
94558,2,640,7507,1303276963
94559,2,224,2550,193024084.6
94560,2,202,12727,1778414601
94561,2,44,127,17010909.77
94562,2,34,520,100525913.2
94563,2,70,351,85625652.16
94564,2,41,122,10643947
94565,2,138,2483,380945695.8
94566,2,233,3642,756739096.3
94567,2,5,14,1299895.976
94568,2,123,1543,303847499
94569,2,0,0,0
94571,2,26,136,14140342.82
94572,2,13,53,9751573.793
94573,2,27,646,94188613.09
94574,2,308,4603,1461962579
94576,2,4,14,1407932.961
94577,2,333,8637,2182465353
94578,2,49,1087,254547137.1
94579,2,11,156,43433974.01
94580,2,32,1393,103515002.3
94581,2,3,10,399390.013
94582,2,35,142,9920932.971
94583,2,204,93648,2.08477E+11
94585,2,40,120,20616547.14
94586,2,9,80,6478343.097
94587,2,209,4444,756688263.4
94588,2,233,57387,6646365220
94589,2,22,81,5124341.112
94590,2,89,795,152703194.9
94591,2,54,114,9697638.04
94592,2,24,372,68485479.95
94595,2,33,461,9179248.041
94596,2,153,20076,1923223544
94597,2,69,1034,321640832
94598,2,80,8864,1009978616
94599,2,39,514,66344214.74
94601,2,92,1018,174270455.5
94602,2,46,131,11724422.98
94603,2,38,448,62102631.12
94605,2,52,195,9960564.995
94606,2,74,377,63292994.33
94607,2,186,2855,1828311310
94608,2,262,11789,3281849470
94609,2,64,322,51471580.16
94610,2,71,566,122774396.7
94611,2,101,324,36913837.45
94612,2,185,18219,8292456167
94613,2,0,0,0
94614,2,1,0,0
94615,2,1,0,0
94618,2,38,100,7684448.033
94619,2,28,58,7724118.924
94620,2,1,3,13793
94621,2,109,2054,282646016
94622,2,0,0,0
94623,2,1,1,42548.999
94624,2,0,0,0
94649,2,0,0,0
94659,2,0,0,0
94660,2,0,0,0
94662,2,0,0,0
94666,2,0,0,0
94702,2,40,431,81368038.86
94703,2,36,126,8771253.19
94704,2,81,530,53721521.69
94705,2,59,215,82823860.07
94706,2,36,88,9433134.933
94707,2,39,145,17494728.02
94708,2,37,312,16901990.53
94709,2,42,131,12827998.01
94710,2,251,2772,469940341
94720,2,17,61,9420016.05
94801,2,84,1223,256136079.9
94802,2,0,0,0
94803,2,36,76,9858039.995
94804,2,139,7110,1582500219
94805,2,13,29,5102310.98
94806,2,106,605,68697772.68
94807,2,0,0,0
94808,2,0,0,0
94820,2,1,2,92923
94901,2,228,5312,2755669020
94903,2,119,638,85714015.05
94904,2,33,110,7495230.986
94912,2,0,0,0
94913,2,0,0,0
94915,2,1,9,81329.003
94920,2,41,121,16868001.82
94922,2,5,7,801201.984
94923,2,2,2,464786.99
94924,2,7,24,1658326.006
94925,2,32,1844,69550880.12
94926,2,0,0,0
94928,2,92,1702,330787853.3
94929,0,2,8,486395
94930,2,30,87,17647984.06
94931,2,52,292,31909844
94933,2,1,4,128682
94938,2,4,6,548229.997
94939,2,29,653,147065212.3
94940,2,3,7,743766
94941,2,105,483,62661691.37
94945,2,78,485,75233956.75
94946,2,2,12,904383.99
94947,2,48,152,19787541.02
94949,2,119,3007,600138791.2
94951,2,17,57,5596993.999
94952,2,172,1918,648691931.5
94953,2,0,0,0
94954,2,194,2649,537081498.9
94955,0,1,2,8949.0004
94956,2,8,34,8318791.902
94957,2,8,52,3327156.92
94960,2,50,172,18989254.97
94963,2,2,3,210059
94964,2,1,3,102027
94965,2,94,1138,65199463.58
94966,0,1,2,81368.998
94970,2,2,2,211203
94971,0,1,2,361016.01
94972,2,3,4,694647.979
94973,2,3,6,578975.997
94974,2,0,0,0
94975,2,0,0,0
94976,2,0,0,0
94977,2,0,0,0
94979,2,1,4,658995.99
94998,2,0,0,0
95001,3,2,8,979946
95002,2,16,205174,3184803062
95003,3,65,307,65875304.97
95004,3,12,37,3570711.92
95005,3,20,51,3366658.033
95006,3,24,78,6569612.957
95008,3,268,6366,1852376376
95010,3,29,95,14126931.19
95012,3,15,130,29490140.81
95013,0,1,2,178504.01
95014,3,195,211946,3.92825E+11
95015,0,1,4,120000
95017,3,2,229,42872113
95018,3,22,62,7878247.98
95019,3,4,11,970814.98
95020,3,204,1445,225303122
95021,3,0,0,0
95023,3,141,2489,434421241.1
95024,3,3,10,833884.978
95030,3,58,280,28312144.03
95032,3,125,991,161337975.6
95033,3,40,164,20532162.88
95035,2,482,60781,25488477647
95036,0,1,1,100000
95037,3,253,5895,1021310504
95038,0,2,9,223706
95039,3,9,268,92131376.91
95041,3,1,2,303182.01
95042,3,0,0,0
95043,3,2,1,70409
95045,3,17,1676,167913034
95046,3,40,159,16194398.16
95050,3,284,5243,747601810
95051,3,177,58636,68198208433
95052,3,0,0,0
95053,0,2,3,13123
95054,2,780,400644,99827455480
95055,3,0,0,0
95060,3,260,3953,353525468.3
95061,3,1,2,62521.003
95062,3,120,887,104778006.2
95063,3,0,0,0
95064,3,1,1,41517.001
95065,3,29,93,9899039.061
95066,3,122,9060,1984180782
95070,3,127,422,48432123.76
95073,3,64,240,25368494.94
95075,0,2,2,141103.998
95076,3,196,3326,935956222.7
95077,3,1,3,824121
95101,0,1,1300,25508743
95103,3,0,0,0
95106,3,0,0,0
95108,3,0,0,0
95110,3,150,12528,1014291680
95111,3,110,591,74260513.55
95112,3,409,25435,1190253981
95113,3,81,468,69587631.16
95116,3,43,143,19541292.09
95117,3,35,214,28103796.97
95118,3,42,100,14504400.24
95119,3,88,75750,17447514794
95120,3,81,242,21990717.83
95121,3,43,115,17803590
95122,3,49,393,40078476.92
95123,3,97,204,18919938
95124,3,100,4851,3181709654
95125,3,177,1399,159199632.9
95126,3,110,1564,230579804.8
95127,3,62,223,11413267.05
95128,3,88,12265,6329427907
95129,3,84,234,24591835.03
95130,3,13,28,3444246.015
95131,3,580,65343,17957041050
95132,2,48,217,17578152.94
95133,3,84,2813,378991366.3
95134,2,290,189611,72239684535
95135,3,41,214,17414594.8
95136,3,61,318,48133177.63
95138,3,111,6642,2813895766
95139,3,10,36,2383784.025
95140,2,3,5,652066.9898
95148,3,45,95,13825934.99
95150,3,0,0,0
95151,3,0,0,0
95153,3,0,0,0
95154,3,3,14,360853.99
95155,3,0,0,0
95156,3,0,0,0
95157,3,0,0,0
95158,3,1,3,152661
95160,3,2,7,288438.011
95161,3,0,0,0
95164,3,1,3800,445805940
95170,3,1,2,66384.003
95172,3,0,0,0
95173,3,1,3,266101.99
95190,3,0,0,0
95191,3,0,0,0
95192,3,0,0,0
95193,3,0,0,0
95194,3,0,0,0
95196,3,0,0,0
95201,0,1,2,7602.9999
95202,7,17,87,11129123.84
95203,7,55,481,100371776.3
95204,7,45,174,14390630.09
95205,7,119,3179,1107895734
95206,7,125,3857,392917321.3
95207,7,57,151,17255011.94
95209,7,26,50,4166068.038
95210,7,34,132,19326735.78
95212,7,25,961,235491940.1
95215,7,89,1488,265341908.8
95219,7,38,412,33508948.21
95220,7,40,357,71991984.83
95222,7,26,62,6133650.009
95223,7,5,66,3812558.98
95224,7,0,0,0
95225,7,1,3,213446.01
95227,7,5,11,2364540.99
95228,7,11,37,2877180.029
95229,7,1,7,214285
95230,7,2,75,11546526.6
95231,7,8,52,6648736.22
95232,7,0,0,0
95233,7,0,0,0
95236,7,14,111,18651813.79
95237,7,13,128,8439881.973
95240,7,240,3441,1368238700
95242,7,60,254,43026905.14
95245,7,8,26,6191842.021
95246,7,4,11,909556.01
95247,7,43,281,26220555
95249,7,29,68,9446136.007
95250,7,1,2,62479.999
95251,7,4,31,3277123.99
95252,7,40,663,14211334.02
95253,7,3,7,887219.97
95255,7,5,16,1107391.992
95257,7,3,5,1041394.019
95258,7,6,11,1373459.012
95267,7,0,0,0
95269,7,1,1,96000.001
95296,7,0,0,0
95301,7,53,834,88218877.94
95303,7,8,34,4861473.098
95304,7,79,1218,223572387.7
95305,0,1,2,142357.01
95306,7,2,6,498508
95307,7,75,1039,163909723.5
95309,0,1,5,292652.01
95310,7,8,30,2880629.02
95311,7,4,9,1348331
95312,7,0,0,0
95313,7,4,17,707784.986
95315,7,11,27,5022291.986
95316,7,20,115,13578923.03
95317,7,0,0,0
95318,7,1,1,40948.998
95319,0,2,8,256328.989
95320,7,38,564,54392627.74
95321,7,5,7,856879.998
95322,7,18,43,5924288.944
95323,7,6,98,23647466.3
95324,7,19,2418,286319090.8
95325,7,0,0,0
95326,7,35,728,102864515.9
95327,7,18,43,4217354.977
95328,0,3,6,280153.002
95329,7,6,44,2311827.978
95330,7,64,976,199250704.9
95333,7,4,26,4863432.79
95334,7,28,12589,1259486069
95336,7,68,1615,574541110.1
95337,7,57,424,180025512.1
95338,7,40,194,35849824.21
95340,7,37,186,22474518.01
95341,7,44,454,96530771.91
95343,7,0,0,0
95344,7,1,5,212707
95345,7,5,16,558673.007
95346,7,2,65,7336973.9
95348,7,40,570,125124745
95350,7,82,578,172815558.3
95351,7,92,2535,612449643.8
95353,7,1,1,95871.001
95354,7,124,9362,2878391354
95355,7,50,139,10640130.05
95356,7,94,1166,189591310.7
95357,7,39,1525,184086852.2
95358,7,62,2346,284094965.5
95360,7,20,555,75669951.71
95361,7,113,988,213198257
95363,7,45,175,25917310.31
95365,7,3,13,627404.008
95366,7,47,816,227532869.6
95367,7,24,99,21000099.09
95368,7,17,684,70114406.04
95369,7,0,0,0
95370,7,103,477,53608750.91
95372,7,7,20,2090089.004
95374,7,7,40,7070937.808
95376,7,72,423,56303124.09
95377,7,63,973,160478874.3
95378,7,1,4,460534.01
95379,7,11,21,2040481.972
95380,7,159,2033,400760000.4
95382,7,39,439,33871954.65
95383,7,7,28,2165851.99
95385,0,3,16,2756956.99
95386,7,19,103,13280813.02
95387,7,3,39,6643033
95388,7,8,14,1179230.993
95389,7,2,3,306671.011
95391,7,15,43,4304696.003
95401,2,136,966,143775015.3
95403,2,267,21424,6659443888
95404,2,126,606,65206569.91
95405,2,41,183,20035671
95407,2,147,1895,197646188.2
95409,2,67,241,24079608.95
95410,1,2,2,525253.989
95412,2,4,15,681565.989
95415,1,7,77,8581200.9
95416,2,0,0,0
95417,1,2,235,1680853.902
95418,0,3,5,486225
95419,2,0,0,0
95420,0,1,1,102530
95421,2,8,21,1506347.987
95422,1,6,11,742938.022
95423,1,7,12,4835761.104
95425,2,58,397,55098690.79
95426,0,2,3,138215.001
95427,1,3,19,2802169
95428,1,5,12,432688.003
95430,2,1,1,200000
95432,1,3,7,330494.989
95433,2,1,1,352829.99
95435,1,1,18,7267676.8
95436,2,28,118,16273325.93
95437,1,42,219,24523709.13
95439,2,6,14,480890.999
95441,2,53,279,46680075.18
95442,2,28,138,17277916.87
95444,2,5,37,6561239.973
95445,1,6,17,2597318.01
95446,2,13,292,46089343.02
95448,2,320,2594,404103742
95449,1,22,359,59393700.93
95450,2,1,1,75999.998
95451,1,27,118,10177901.08
95452,2,24,138,16249962.18
95453,1,43,238,31218668.06
95454,1,3,5,322386.008
95456,1,4,7,631551.011
95457,1,10,94,7167456.919
95458,1,4,5,1489371.019
95459,0,1,1,66000
95460,1,7,30,1901496.05
95461,1,12,58,10748160.76
95462,2,2,4,278425
95463,1,0,0,0
95464,1,4,8,1007134.99
95465,2,11,30,3729632.002
95466,1,20,123,19284083.4
95467,1,4,9,689876.01
95468,0,3,10,2385346.907
95469,1,4,16,1237401.99
95470,1,34,111,12837237.11
95472,2,213,1576,183211957.9
95476,2,286,1660,290598817.5
95480,2,0,0,0
95482,1,127,756,92650997.37
95485,1,6,17,1594758.987
95486,2,0,0,0
95487,2,0,0,0
95490,1,48,369,43318096.02
95492,2,117,750,117541620.3
95493,0,1,2,86626.001
95494,1,4,14,1478507.99
95497,2,1,1,120756
95501,1,84,732,78510477.16
95503,1,29,86,9140747.201
95511,1,0,0,0
95514,1,0,0,0
95518,0,1,3,69314.003
95519,1,30,76,5554568.994
95521,1,88,1678,132221954.6
95524,1,6,8,1562566.011
95525,1,7,57,2764759.968
95526,1,2,12,158271.999
95528,1,2,7,599314.99
95531,1,28,139,12230059.97
95532,1,0,0,0
95536,1,9,32,2922264.99
95537,1,3,36,2656863.9
95540,1,33,171,19620533.2
95542,1,9,28,3584312.93
95543,1,1,1,67327
95545,1,1,1,39687
95546,1,0,0,0
95547,1,1,5,236520.01
95548,0,3,11,562833.998
95549,1,1,7,95723.003
95550,1,0,0,0
95551,1,5,10,1657196.013
95553,1,1,2,166577
95554,1,0,0,0
95555,1,1,2,221481
95556,1,0,0,0
95558,1,0,0,0
95560,1,9,24,1953626.006
95562,1,2,4,217782.999
95564,1,5,35,3969966.97
95565,0,1,0,0
95567,1,3,22,2593066
95569,1,2,7,299209.989
95570,1,7,10,498647.999
95571,1,0,0,0
95573,1,2,5,598325
95585,1,0,0,0
95587,1,0,0,0
95589,1,3,12,1315935.01
95595,1,0,0,0
95602,2,91,709,122080978.8
95603,2,135,811,119424407.9
95604,2,2,6,12092153
95605,2,42,982,340113985.3
95606,2,2,4,405701.99
95607,0,2,4,309485
95608,2,115,371,41186961.92
95610,2,77,207,28743632.89
95611,0,3,14,568187.01
95612,2,11,39,7662375.84
95613,0,1,2,112230
95614,2,7,23,4519759.99
95615,2,6,50,4629019.01
95616,2,107,391,45861065.75
95617,0,1,1,124092
95618,2,113,1427,240639128.7
95619,2,50,309,53926149.26
95620,2,71,332,54846734.11
95621,2,46,96,13702886.87
95623,2,19,48,7285607.879
95624,2,131,793,125822001.2
95625,0,1,1,101284
95626,2,11,43,1989640.999
95627,2,2,9,698662.99
95628,2,85,300,40071481.69
95629,2,6,12,915873.989
95630,2,206,4706,247022075.2
95631,2,11,15,2292312.011
95632,2,55,202,40082538.67
95633,2,16,37,3449957.004
95634,2,12,54,7900960.899
95635,2,3,23,4133307
95636,2,0,0,0
95637,2,0,0,0
95638,0,8,16,2589198.045
95639,2,1,3,205558
95640,2,20,422,14912970.18
95641,0,3,11,743899.02
95642,2,22,76,6322063.933
95645,2,0,0,0
95648,2,97,909,176028175.5
95650,2,86,517,71055085.7
95651,2,2,5,946697.0098
95652,2,36,1028,269680063.3
95653,0,3,1,69196.001
95654,2,2,64,9924775.1
95655,2,7,224,51544946.99
95656,2,6,12,3038249.008
95658,2,33,151,23979050.22
95659,0,5,18,1706978.99
95660,2,80,966,217694590.5
95661,2,118,1426,383418116.5
95662,2,86,232,19432537.99
95663,2,17,39,5498404.992
95664,2,4,37,1694494.033
95665,2,12,34,2116133.98
95666,2,12,60,5353520.079
95667,2,126,572,67670020.7
95668,2,6,22,3438241.92
95669,2,53,191,21695578.93
95670,2,144,3316,517312436.3
95672,2,6,10,935532.016
95673,2,28,436,214056124.1
95674,2,3,11,781066.979
95675,2,0,0,0
95677,2,107,686,95121362.9
95678,2,150,1192,177735101.8
95679,2,2,2,84752.999
95680,0,1,3,233003.01
95681,2,7,22,5940018.909
95682,2,106,478,74838526.04
95683,2,13,25,2453205.993
95684,2,37,105,8256242.035
95685,2,33,69,7011628.942
95686,7,1,3,320780.99
95687,2,60,123,13632650.95
95688,2,133,3389,332826986.1
95689,2,6,12,908435.989
95690,2,7,73,8200919.21
95691,2,167,2239,310311077.4
95692,2,6,12,713610.013
95693,2,27,131,5581536.98
95694,2,31,171,18516193.02
95695,2,75,531,267662529.4
95696,2,0,0,0
95697,0,1,3,460980
95698,2,2,40,6073937.9
95699,2,1,4,532490.02
95701,2,2,8,2065372.09
95703,0,2,3,208370.997
95709,2,17,57,4052660.014
95712,1,1,4,124867
95713,2,21,139,6564820.981
95714,2,0,0,0
95715,2,1,1,49440
95717,2,0,0,0
95720,2,0,0,0
95721,0,1,9,433505
95722,2,18,52,5216176.107
95726,2,17,51,8567311.121
95728,1,0,0,0
95735,0,1,7,2292896
95736,2,0,0,0
95741,2,3,592,1845171.003
95742,2,212,5958,1843415169
95746,2,60,254,30361811.75
95747,2,100,12665,448673284.8
95757,2,51,156,18495207.78
95758,2,72,261,44943576.92
95759,2,2,5,197405.003
95762,2,159,1751,231582358.6
95763,0,2,4,141739
95765,2,110,499,87215890.04
95776,2,106,1711,334228840
95798,2,0,0,0
95811,2,133,7674,418012349.7
95812,2,0,0,0
95814,2,82,384,43686868.91
95815,2,102,628,100675001.4
95816,2,118,3454,604950556.8
95817,2,18,65,9571750.975
95818,2,45,688,61115790
95819,2,36,104,11950726.16
95820,2,63,685,86752592.97
95821,2,60,133,13587783
95822,2,74,624,55128757.07
95823,2,62,228,26800872.1
95824,2,29,134,17626330.03
95825,2,153,640,73659686.09
95826,2,145,1988,263207983
95827,2,84,911,143453722
95828,2,159,2767,521001159.8
95829,2,41,161,20942543.09
95830,2,3,72,4768590.2
95831,2,71,299,26990620.16
95832,2,7,29,6154376.191
95833,2,71,1462,302743988.3
95834,2,126,1780,197941473.9
95835,2,44,136,13369565
95837,2,1,0,0
95838,2,85,1050,166464519.6
95841,2,64,317,42726856.03
95842,2,31,178,32155622.91
95843,2,36,70,6240458.997
95851,2,0,0,0
95852,2,0,0,0
95853,2,0,0,0
95864,2,29,1911,816195483.2
95865,2,0,0,0
95866,2,0,0,0
95867,2,0,0,0
95887,2,0,0,0
95894,2,0,0,0
95901,2,62,217,22143940.96
95903,2,3,0,0
95912,1,14,259,49207130.87
95913,0,1,0,0
95914,1,2,3,265534
95916,1,3,5,290133.999
95917,1,8,107,5853961.91
95918,2,8,26,4561295.891
95919,2,4,6,824069.998
95922,2,3,3,347357.003
95923,1,1,2,43853
95924,1,0,0,0
95926,1,68,270,28050093.34
95927,1,0,0,0
95928,1,165,4363,814763555.8
95929,1,0,0,0
95932,1,26,66,9541280.16
95934,1,2,10,674136
95935,2,2,3,288462
95936,1,1,1,52800
95938,1,22,427,44525099.46
95939,1,0,0,0
95940,1,0,0,0
95941,0,1,2,82535.997
95942,1,4,20,1424151
95943,1,7,59,17387893.05
95945,1,169,904,127618583.7
95946,1,23,38,3160988.014
95947,1,3,8,751296.013
95948,1,24,393,47619662.52
95949,1,94,1160,97706076.66
95950,0,2,3,834786
95951,1,1,1,222253.99
95953,2,19,771,40054651.16
95954,1,16,46,3673209.029
95955,1,4,53,9067947.99
95957,2,3,39,4184490.9
95958,0,1,35,4955721.9
95959,1,92,1387,176035035.3
95960,1,3,3,183524.006
95961,2,31,394,57693902.63
95962,2,4,5,777927.01
95963,1,47,312,39166340.02
95965,1,58,475,67550031.08
95966,1,58,183,21657714.16
95968,1,0,0,0
95969,1,34,76,7252479.016
95970,1,1,1,54595.999
95971,1,28,155,9351780.137
95973,1,127,1030,170586015.8
95974,1,2,257,39027207
95975,1,6,15,1397929.011
95977,1,6,8,587817.998
95979,1,1,2,175860
95980,1,0,0,0
95981,0,1,1,220979.01
95982,2,10,61,5481405.209
95983,1,0,0,0
95984,1,0,0,0
95987,1,8,44,11019982.1
95988,1,20,307,96355357.89
95991,2,92,853,87602244.03
95993,2,81,1521,354869361.9
96001,1,124,838,106331847.6
96002,1,122,696,88335330.77
96003,1,117,834,108592170.4
96007,1,74,3945,1298746008
96008,1,2,4,731628
96009,1,1,2,110567
96010,1,0,0,0
96013,1,7,80,6740059.103
96014,1,2,7,247055.99
96015,1,1,1,70097.998
96016,1,2,3,530880.99
96019,1,15,69,4730602.064
96020,0,7,17,870994.013
96021,1,25,80,14693876.86
96022,1,39,113,9078737.989
96024,1,1,5,501695.99
96025,1,9,40,3198565.002
96027,1,8,28,1550321.001
96028,1,1,3,190157
96029,1,1,2,77133
96032,1,10,32,4579938.117
96033,1,0,0,0
96035,1,4,6,1194677.979
96037,1,1,2,62316
96038,1,1,5,489560.01
96039,0,1,4,21644
96040,1,1,1,550633.01
96041,1,2,2,151903.994
96044,1,2,2,947879.01
96046,1,1,2,99770.002
96047,1,1,2,301620.01
96048,1,1,15,2499470
96049,1,1,2,484517.99
96051,1,2,1,39866
96052,1,4,8,779788.014
96054,1,1,3,664990.01
96055,1,6,11,2943146.001
96056,1,5,8,1777379.042
96057,1,1,2,147485
96058,1,1,4,88899.001
96059,1,4,9,1083558.99
96062,1,3,20,801815.002
96064,1,6,8,616907.999
96065,1,1,2,113440
96067,1,26,85,7134662.998
96069,1,2,3,424073.99
96070,1,0,0,0
96073,1,17,43,7115707.089
96074,1,1,2,85061.997
96075,1,0,0,0
96076,1,0,0,0
96078,1,0,0,0
96080,1,75,294,35968190.11
96084,1,1,1,62364.001
96085,1,0,0,0
96086,1,0,0,0
96088,1,14,25,1609849.999
96089,1,0,0,0
96090,0,1,1,438674
96091,1,2,5,274292.99
96092,0,3,10,961535
96093,1,12,34,7492832.784
96094,1,13,28,1936899.997
96096,1,2,12,249363.998
96097,1,33,422,36216523.05
96101,1,10,44,3974120.013
96103,1,2,5,536407
96104,1,1,2,198692.99
96105,1,1,12,2046152.1
96106,1,0,0,0
96107,7,1,1,125731.01
96109,1,1,3,162046
96110,1,1,2,52799.001
96111,1,0,0,0
96113,1,2,8,154596
96114,1,2,4,182047.999
96115,1,0,0,0
96117,1,0,0,0
96118,1,0,0,0
96120,2,2,5,685724.02
96121,1,1,1,50797.999
96122,1,8,16,2297209.974
96123,1,0,0,0
96124,1,0,0,0
96126,1,1,1,285007
96128,1,1,2,68291.999
96130,1,24,70,9968586.9
96132,0,1,2,72876.997
96133,7,1,4,163497
96134,1,4,7,774226.999
96135,1,0,0,0
96137,1,8,13,1768064.99
96140,2,6,39,3434786.997
96141,2,2,3,187473.006
96142,2,3,3,509096.991
96143,2,3,11,603240.989
96145,2,24,75,6329167.056
96146,2,6,36,4532445.88
96148,2,4,20,2339836.004
96150,2,71,232,24903289.9
96151,2,3,3,610949.01
96152,2,0,0,0
96154,2,0,0,0
96155,2,0,0,0
96156,2,0,0,0
96158,2,1,2,112437
96160,0,3,7,389882.99
96161,1,88,285,29693813.88
96162,2,1,2,157479